{
	"pattrstorage" : 	{
		"name" : "u065009643",
		"slots" : 		{
			"1" : 			{
				"id" : 1,
				"data" : 				{
					"channels" : [ 10 ],
					"delay" : [ 0.0, 0.0, 0.0 ],
					"duration_s" : [ 60.0 ],
					"grid" : [ 1 ],
					"gridstep_x" : [ 60 ],
					"gridstep_y" : [ 10 ],
					"loop_toggle" : [ 1 ],
					"matrixctrl[1]" : [ 0, 0, 1, 0, 1, 1, 0, 2, 1 ],
					"mc-function" : [ "data", 0, 64, 60000.0, 0.0, 1.0, 25.49575070821534, 0.0, 0, 0.0, 1000.0, 0.772486772486772, 0, -0.25, 5692.438778728678699, 0.0, 0, -0.45, 11000.0, 0.5, 0, 0.35, 16000.0, 0.3, 0, -0.6, 20226.628895184163412, 1.0, 0, 0.65, 25000.0, 0.3, 0, 0.5, 30000.0, 0.3, 0, 0.0, 33836.799525674330653, 0.68787370472358, 0, 0.0, 39000.0, 0.1, 0, -0.3, 49000.0, 0.1, 0, 0.0, 50603.652736620715586, 0.322235127920827, 0, 0.0, 53881.019830028366414, 0.0, 0, -0.6, 56317.280453257873887, 0.248677248677249, 0, 0.85, 60000.000000000065484, 0.0, 0, -0.895, "curve", "data", 1, 40, 60000.0, 0.0, 1.0, 0.0, 0.0, 0, 0.0, 8498.583569405107482, 1.0, 0, 0.0, 16090.651558073670458, 0.0, 0, 0.0, 23682.719546742242528, 1.0, 0, 0.0, 31048.158640226662101, 0.0, 0, 0.0, 38583.569405099202413, 1.0, 0, 0.0, 47025.495750708294509, 0.0, 0, 0.0, 54164.30594900851429, 1.0, 0, 0.0, 60000.000000000065484, 0.0, 0, 0.0, "curve", "data", 2, 16, 60000.0, 0.0, 1.0, 0.0, 0.0, 0, 0.0, 3000.0, 0.5, 0, 0.0, 6000.0, 0.0, 0, 0.0, "curve", "data", 3, 4, 60000.0, 0.0, 1.0, "curve", "data", 4, 4, 60000.0, 0.0, 1.0, "curve", "data", 5, 4, 60000.0, 0.0, 1.0, "curve", "data", 6, 4, 60000.0, 0.0, 1.0, "curve", "data", 7, 4, 60000.0, 0.0, 1.0, "curve", "data", 8, 4, 60000.0, 0.0, 1.0, "curve", "data", 9, 4, 60000.0, 0.0, 1.0, "curve" ],
					"offset" : [ 0.0, 0.0, 0.0 ],
					"play" : [ 0 ],
					"scale" : [ 1.0, 1.0, 1.0 ],
					"snapshot_interval" : [ 50 ]
				}

			}

		}

	}

}
