{
	"pattrstorage" : 	{
		"name" : "preset_V1",
		"slots" : 		{
			"1" : 			{
				"id" : 1,
				"data" : 				{
					"channels" : [ 10 ],
					"delay" : [ 0.0, 0.0, 0.0 ],
					"duration_s" : [ 60.0 ],
					"grid" : [ 1 ],
					"gridstep_x" : [ 60 ],
					"gridstep_y" : [ 10 ],
					"loop_toggle" : [ 1 ],
					"matrixctrl" : [ 0, 0, 1, 0, 1, 1, 0, 2, 1 ],
					"mc-function" : [ "data", 0, 64, 60000.0, 0.0, 1.0, 25.495750708215361, 0.0, 0, 0.0, 1000.000000000000114, 0.772486772486772, 0, -0.25, 5692.438778728677789, 0.0, 0, -0.45, 11000.000000000001819, 0.5, 0, 0.35, 16000.000000000001819, 0.3, 0, -0.6, 20226.62889518416705, 1.0, 0, 0.65, 25000.000000000007276, 0.3, 0, 0.5, 30000.0, 0.3, 0, 0.0, 33836.799525674330653, 0.68787370472358, 0, 0.0, 39000.0, 0.1, 0, -0.3, 49000.0, 0.1, 0, 0.0, 50603.652736620715586, 0.322235127920827, 0, 0.0, 53881.019830028366414, 0.0, 0, -0.6, 56317.280453257873887, 0.248677248677249, 0, 0.85, 60000.000000000065484, 0.0, 0, -0.895, "curve", "data", 1, 40, 60000.0, 0.0, 1.0, 0.0, 0.0, 0, 0.0, 8498.583569405107482, 1.0, 0, 0.0, 16090.651558073670458, 0.0, 0, 0.0, 23682.719546742242528, 1.0, 0, 0.0, 31048.158640226662101, 0.0, 0, 0.0, 38583.569405099202413, 1.0, 0, 0.0, 47025.495750708294509, 0.0, 0, 0.0, 54164.305949008507014, 1.0, 0, 0.0, 60000.000000000065484, 0.0, 0, 0.0, "curve", "data", 2, 16, 60000.0, 0.0, 1.0, 0.0, 0.0, 0, 0.0, 30999.999999999996362, 1.0, 0, 0.0, 60000.0, 0.0, 0, 0.0, "curve", "data", 3, 4, 60000.0, 0.0, 1.0, "curve", "data", 4, 4, 60000.0, 0.0, 1.0, "curve", "data", 5, 4, 60000.0, 0.0, 1.0, "curve", "data", 6, 4, 60000.0, 0.0, 1.0, "curve", "data", 7, 4, 60000.0, 0.0, 1.0, "curve", "data", 8, 4, 60000.0, 0.0, 1.0, "curve", "data", 9, 4, 60000.0, 0.0, 1.0, "curve" ],
					"offset" : [ 0.0, 0.0, 0.0 ],
					"play" : [ 0 ],
					"scale" : [ 1.0, 1.0, 1.0 ],
					"snapshot_interval" : [ 50 ],
					"timescale" : [ 1.0, 1.0, 1.0 ],
					"rpi_host" : [ "127.0.0.1" ],
					"rpi_port" : [ 5005 ]
				}

			}

		}

	}

}
