{
	"pattrstorage" : 	{
		"name" : "u065009643",
		"slots" : 		{
			"1" : 			{
				"id" : 1,
				"data" : 				{
					"duration" : [ 2000 ],
					"grid" : [ 0 ],
					"gridstep_x" : [ 10 ],
					"gridstep_y" : [ 10 ],
					"matrixctrl" : [ 0, 0, 100, 0, 1, 0, 0, 2, 0, 1, 0, 0, 1, 1, 100, 1, 2, 0, 2, 0, 0, 2, 1, 0, 2, 2, 100 ],
					"play" : [ 0 ],
					"seq" : [ 1 ],
					"snapshot_time" : [ 50 ],
					"steps" : [ 4 ],
					"function_sequencer[2]::function" : [ "data", 0, 24, 1000.0, 0.0, 1.0, 0.0, 1.0, 0, 0.0, 279.255319148936337, 0.0, 0, 0.0, 550.531914893617, 0.474312708278497, 0, 0.0, 779.255319148936223, 0.124312708278497, 0, 0.0, 1000.0, 1.0, 0, 0.0, "curve", "data", 1, 20, 1000.0, 0.0, 1.0, 0.0, 0.0, 0, 0.0, 380.319148936170222, 0.70852444928123, 0, 0.45, 396.276595744680833, 0.237158810514711, 0, 0.0, 1000.0, 0.25477995588916, 0, 0.0, "curve", "data", 2, 24, 1000.0, 0.0, 1.0, 0.0, 0.0, 0, 0.0, 590.618337000000224, 0.576336, 0, 0.0, 594.88272900000004, 0.881679, 0, 0.0, 731.343284000000153, 0.354962, 0, 0.0, 1000.0, 0.0, 0, 0.0, "curve", "data", 3, 24, 1000.0, 0.0, 1.0, 0.0, 0.0, 0, 0.0, 200.0, 0.6, 0, 0.0, 400.0, 0.4, 0, 0.0, 617.021276595744666, 0.336812708278497, 0, 0.0, 1000.0, 0.065352643113829, 0, -0.344999999999999, "curve", "data", 4, 4, 1000.0, 0.0, 1.0, "curve" ],
					"function_sequencer[1]::function" : [ "data", 0, 24, 1000.0, 0.0, 1.0, 0.0, 1.0, 0, 0.0, 279.255319148936337, 0.0, 0, 0.0, 550.531914893617, 0.474312708278497, 0, 0.0, 779.255319148936223, 0.124312708278497, 0, 0.0, 1000.0, 1.0, 0, 0.0, "curve", "data", 1, 20, 1000.0, 0.0, 1.0, 0.0, 0.0, 0, 0.0, 380.319148936170222, 0.70852444928123, 0, 0.45, 396.276595744680833, 0.237158810514711, 0, 0.0, 1000.0, 0.25477995588916, 0, 0.0, "curve", "data", 2, 24, 1000.0, 0.0, 1.0, 0.0, 0.0, 0, 0.0, 590.618337000000224, 0.576336, 0, 0.0, 594.88272900000004, 0.881679, 0, 0.0, 731.343284000000153, 0.354962, 0, 0.0, 1000.0, 0.0, 0, 0.0, "curve", "data", 3, 24, 1000.0, 0.0, 1.0, 0.0, 0.0, 0, 0.0, 200.0, 0.6, 0, 0.0, 400.0, 0.4, 0, 0.0, 617.021276595744666, 0.336812708278497, 0, 0.0, 1000.0, 0.065352643113829, 0, -0.344999999999999, "curve", "data", 4, 4, 1000.0, 0.0, 1.0, "curve" ],
					"function_sequencer::function" : [ "data", 0, 24, 1000.0, 0.0, 1.0, 0.0, 1.0, 0, 0.0, 279.255319148936337, 0.0, 0, 0.0, 550.531914893617, 0.474312708278497, 0, 0.0, 779.255319148936223, 0.124312708278497, 0, 0.0, 1000.0, 1.0, 0, 0.0, "curve", "data", 1, 20, 1000.0, 0.0, 1.0, 0.0, 0.0, 0, 0.0, 380.319148936170222, 0.70852444928123, 0, 0.45, 396.276595744680833, 0.237158810514711, 0, 0.0, 1000.0, 0.25477995588916, 0, 0.0, "curve", "data", 2, 24, 1000.0, 0.0, 1.0, 0.0, 0.0, 0, 0.0, 590.618337000000224, 0.576336, 0, 0.0, 594.88272900000004, 0.881679, 0, 0.0, 731.343284000000153, 0.354962, 0, 0.0, 1000.0, 0.0, 0, 0.0, "curve", "data", 3, 24, 1000.0, 0.0, 1.0, 0.0, 0.0, 0, 0.0, 200.0, 0.6, 0, 0.0, 400.0, 0.4, 0, 0.0, 617.021276595744666, 0.336812708278497, 0, 0.0, 1000.0, 0.065352643113829, 0, -0.344999999999999, "curve", "data", 4, 4, 1000.0, 0.0, 1.0, "curve" ]
				}

			}

		}

	}

}
